use Ecommerce;

SELECT id FROM Pedidos;
SHOW CREATE TABLE DetallesPedido ;

drop table DireccionEnvio;
INSERT INTO Usuario (nombre, correo, password, telefono, fecha_registro, fecha_inicio, direccion_ip) 
VALUES
('Juan Pérez', 'juan@example.com', 'password123', '1234567890', '2025-03-01', '2024-03-01', '192.168.1.10'),
('Ana García', 'ana@example.com', 'password123', '9876543210', '2025-03-02', '2024-03-02', '192.168.1.11'),
('Carlos López', 'carlos@example.com', 'password123', '1122334455', '2025-03-03', '2024-03-03', '192.168.1.12'),
('María Rodríguez', 'maria@example.com', 'password123', '6677889900', '2025-03-04', '2024-03-04', '192.168.1.13'),
('Luis Martínez', 'luis@example.com', 'password123', '9988776655', '2025-03-05', '2024-03-05', '192.168.1.14'),
('Pedro Gómez', 'pedro@example.com', 'password123', '2345678901', '2025-03-06', '2024-03-06', '192.168.1.15'),
('Laura Díaz', 'laura@example.com', 'password123', '3456789012', '2025-03-07', '2024-03-07', '192.168.1.16'),
('José Sánchez', 'jose@example.com', 'password123', '4567890123', '2025-03-08', '2024-03-08', '192.168.1.17'),
('Sofía Pérez', 'sofia@example.com', 'password123', '5678901234', '2025-03-09', '2024-03-09', '192.168.1.18'),
('Antonio Fernández', 'antonio@example.com', 'password123', '6789012345', '2025-03-10', '2024-03-10', '192.168.1.19'),
('Julia Sánchez', 'julia@example.com', 'password123', '7788996655', '2025-03-11', '2024-03-11', '192.168.1.20'),
('Carlos García', 'carlosg@example.com', 'password123', '8899001122', '2025-03-12', '2024-03-12', '192.168.1.21'),
('Marta Hernández', 'marta@example.com', 'password123', '9900112233', '2025-03-13', '2024-03-13', '192.168.1.22'),
('Ricardo López', 'ricardo@example.com', 'password123', '1010101010', '2025-03-14', '2024-03-14', '192.168.1.23'),
('Isabel Pérez', 'isabel@example.com', 'password123', '2121212121', '2025-03-15', '2024-03-15', '192.168.1.24'),
('Fernando González', 'fernando@example.com', 'password123', '3131313131', '2025-03-16', '2024-03-16', '192.168.1.25'),
('Carmen Ramírez', 'carmen@example.com', 'password123', '4141414141', '2025-03-17', '2024-03-17', '192.168.1.26'),
('Miguel Jiménez', 'miguel@example.com', 'password123', '5151515151', '2025-03-18', '2024-03-18', '192.168.1.27'),
('Elena García', 'elena@example.com', 'password123', '6161616161', '2025-03-19', '2024-03-19', '192.168.1.28'),
('José Luis Martínez', 'joseluis@example.com', 'password123', '7171717171', '2025-03-20', '2024-03-20', '192.168.1.29'),
('Raquel Fernández', 'raquel@example.com', 'password123', '8181818181', '2025-03-21', '2024-03-21', '192.168.1.30'),
('David Sánchez', 'david@example.com', 'password123', '9191919191', '2025-03-22', '2024-03-22', '192.168.1.31'),
('Lucía González', 'lucia@example.com', 'password123', '1020304050', '2025-03-23', '2024-03-23', '192.168.1.32'),
('Alberto Ruiz', 'alberto@example.com', 'password123', '2030405060', '2025-03-24', '2024-03-24', '192.168.1.33'),
('Pablo Díaz', 'pablo@example.com', 'password123', '3040506070', '2025-03-25', '2024-03-25', '192.168.1.34'),
('Patricia García', 'patricia@example.com', 'password123', '4050607080', '2025-03-26', '2024-03-26', '192.168.1.35'),
('Antonio Ramos', 'antonior@example.com', 'password123', '5060708090', '2025-03-27', '2024-03-27', '192.168.1.36'),
('Raúl Jiménez', 'raul@example.com', 'password123', '6070809090', '2025-03-28', '2024-03-28', '192.168.1.37'),
('Verónica Ruiz', 'veronica@example.com', 'password123', '7080901010', '2025-03-29', '2024-03-29', '192.168.1.38'),
('Mario Hernández', 'mario@example.com', 'password123', '8090102020', '2025-03-30', '2024-03-30', '192.168.1.39');

INSERT INTO DireccionEnvio (id_usuario, direccion, ciudad, codigo_postal, pais) VALUES
(1, 'Calle Falsa 123', 'Bogotá', '110111', 'Colombia'),
(2, 'Avenida Siempre Viva 456', 'Medellín', '050001', 'Colombia'),
(3, 'Calle Mayor 789', 'Cali', '760001', 'Colombia'),
(4, 'Calle Luna 101', 'Barranquilla', '080001', 'Colombia'),
(5, 'Calle Sol 202', 'Cartagena', '130001', 'Colombia'),
(6, 'Avenida 7 de Agosto 300', 'Bucaramanga', '680001', 'Colombia'),
(7, 'Calle de la Paz 415', 'Pereira', '660001', 'Colombia'),
(8, 'Calle 45 No 23-89', 'Santa Marta', '470001', 'Colombia'),
(9, 'Carrera 22 56-12', 'Manizales', '170001', 'Colombia'),
(10, 'Calle 26 No 85-45', 'Neiva', '410001', 'Colombia'),
(11, 'Calle del Sol 303', 'Cúcuta', '540001', 'Colombia'),
(12, 'Calle Nueva 45', 'Popayán', '190001', 'Colombia'),
(13, 'Calle 56 No 34-10', 'Pasto', '520001', 'Colombia'),
(14, 'Avenida de las Américas 123', 'Ibagué', '730001', 'Colombia'),
(15, 'Calle 39 No 15-20', 'Armenia', '630001', 'Colombia'),
(16, 'Calle 60 No 12-25', 'Villavicencio', '500001', 'Colombia'),
(17, 'Calle San Martín 200', 'Montería', '230001', 'Colombia'),
(18, 'Avenida 40 No 45-70', 'Sincelejo', '700001', 'Colombia'),
(19, 'Calle de la 8 No 22-56', 'Riohacha', '440001', 'Colombia'),
(20, 'Calle 100 No 25-30', 'Quibdó', '270001', 'Colombia'),
(21, 'Calle 25 No 9-40', 'Tunja', '150001', 'Colombia'),
(22, 'Calle 4 No 11-60', 'Chía', '250001', 'Colombia'),
(23, 'Calle 11 No 22-85', 'Risaralda', '660011', 'Colombia'),
(24, 'Calle 31 No 15-25', 'Florencia', '180001', 'Colombia'),
(25, 'Avenida 10 No 29-30', 'Tuluá', '763001', 'Colombia'),
(26, 'Carrera 9 No 15-70', 'Pasto', '520001', 'Colombia'),
(27, 'Calle 20 No 45-25', 'Bello', '050021', 'Colombia'),
(28, 'Calle 13 No 38-11', 'Sogamoso', '150001', 'Colombia'),
(29, 'Calle 18 No 32-25', 'Cúcuta', '540011', 'Colombia'),
(30, 'Calle 9 No 25-45', 'Zipaquirá', '250011', 'Colombia');

INSERT INTO Categorias (nombre, descripcion, fecha_creacion) VALUES
('Electrónica', 'Dispositivos electrónicos como teléfonos, computadoras, televisores, entre otros.', '2025-03-14'),
('Ropa', 'Prendas de vestir para todas las edades y géneros.', '2025-03-14'),
('Hogar', 'Artículos y muebles para el hogar.', '2025-03-14'),
('Deportes', 'Equipamiento y accesorios deportivos para diversas disciplinas.', '2025-03-14'),
('Juguetes', 'Juguetes para niños de todas las edades.', '2025-03-14'),
('Alimentos', 'Productos alimenticios tanto frescos como en conserva.', '2025-03-14'),
('Bebidas', 'Bebidas alcohólicas y no alcohólicas de todo tipo.', '2025-03-14'),
('Belleza', 'Productos de belleza y cuidado personal.', '2025-03-14'),
('Herramientas', 'Herramientas para trabajos de construcción, reparación, etc.', '2025-03-14'),
('Libros', 'Libros de diversos géneros y temáticas.', '2025-03-14'),
('Automóviles', 'Accesorios y partes de automóviles.', '2025-03-14'),
('Tecnología', 'Productos tecnológicos como gadgets, dispositivos portátiles, etc.', '2025-03-14'),
('Música', 'Instrumentos musicales y accesorios relacionados.', '2025-03-14'),
('Salud', 'Productos y suplementos para el cuidado de la salud.', '2025-03-14'),
('Mascotas', 'Productos para el cuidado de animales y mascotas.', '2025-03-14'),
('Bicicletas', 'Accesorios y bicicletas para todo tipo de actividades al aire libre.', '2025-03-14'),
('Zapatos', 'Calzado para hombres, mujeres y niños.', '2025-03-14'),
('Viajes', 'Productos y servicios relacionados con viajes y turismo.', '2025-03-14'),
('Arte', 'Materiales para actividades artísticas y creativas.', '2025-03-14'),
('Cuidado del hogar', 'Productos de limpieza y cuidado del hogar.', '2025-03-14'),
('Relojes', 'Relojes de pulsera y accesorios relacionados.', '2025-03-14'),
('Lentes', 'Lentes de sol y de vista de diversas marcas y modelos.', '2025-03-14'),
('Papelería', 'Productos de oficina, papelería y material escolar.', '2025-03-14'),
('Cámaras', 'Cámaras fotográficas y accesorios para la captura de imágenes.', '2025-03-14'),
('Instrumentos de cocina', 'Utensilios y aparatos para la cocina.', '2025-03-14'),
('Muebles', 'Muebles para decoración y funcionalidad del hogar.', '2025-03-14'),
('Camping', 'Equipamiento para actividades de camping y al aire libre.', '2025-03-14'),
('Fiestas', 'Artículos para la organización de fiestas y celebraciones.', '2025-03-14'),
('Ciclismo', 'Accesorios y ropa especializada para ciclismo.', '2025-03-14'),
('Jardinería', 'Herramientas y productos para el cuidado de jardines y plantas.', '2025-03-14'),
('Tecnología Wearable', 'Dispositivos tecnológicos portátiles como relojes inteligentes y bandas de fitness.', '2025-03-14');

INSERT INTO MedioPago (tipo_pago, estado) VALUES
('Tarjeta de Crédito', 'Activo'),
('PayPal', 'Activo'),
('Transferencia Bancaria', 'Activo'),
('Bitcoin', 'Activo'),
('Efectivo', 'Activo'),
('Tarjeta de Crédito', 'Inactivo'),
('PayPal', 'Activo'),
('Transferencia Bancaria', 'Inactivo'),
('Bitcoin', 'Activo'),
('Efectivo', 'Activo'),
('Tarjeta de Crédito', 'Activo'),
('PayPal', 'Inactivo'),
('Transferencia Bancaria', 'Activo'),
('Bitcoin', 'Activo'),
('Efectivo', 'Inactivo'),
('Tarjeta de Crédito', 'Activo'),
('PayPal', 'Activo'),
('Transferencia Bancaria', 'Inactivo'),
('Bitcoin', 'Activo'),
('Efectivo', 'Activo'),
('Tarjeta de Crédito', 'Inactivo'),
('PayPal', 'Activo'),
('Transferencia Bancaria', 'Activo'),
('Bitcoin', 'Inactivo'),
('Efectivo', 'Activo'),
('Tarjeta de Crédito', 'Activo'),
('PayPal', 'Inactivo'),
('Transferencia Bancaria', 'Activo'),
('Bitcoin', 'Activo'),
('Efectivo', 'Activo');

INSERT INTO Descuento (porcentaje_descuento, fecha_inicio, fecha_fin, tipo_descuento) VALUES
(10.00, '2024-03-01', '2024-03-10', 'Temporada'),
(15.00, '2024-04-05', '2024-04-15', 'Especial'),
(5.00, '2024-05-01', '2024-05-07', 'Promocional'),
(20.00, '2024-06-10', '2024-06-20', 'Liquidación'),
(12.50, '2024-07-15', '2024-07-25', 'Exclusivo'),
(7.50, '2024-08-01', '2024-08-10', 'Festivo'),
(18.00, '2024-09-05', '2024-09-15', 'Cliente Frecuente'),
(25.00, '2024-10-10', '2024-10-20', 'Black Friday'),
(30.00, '2024-11-25', '2024-11-30', 'Cyber Monday'),
(10.00, '2024-12-15', '2024-12-31', 'Navideño'),
(5.00, '2025-01-01', '2025-01-07', 'Año Nuevo'),
(8.00, '2025-02-14', '2025-02-14', 'San Valentín'),
(15.00, '2025-03-20', '2025-03-25', 'Primavera'),
(22.00, '2025-04-10', '2025-04-20', 'Semana Santa'),
(10.00, '2025-05-05', '2025-05-15', 'Día de la Madre'),
(5.50, '2025-06-17', '2025-06-27', 'Verano'),
(12.00, '2025-07-04', '2025-07-10', 'Independencia'),
(18.00, '2025-08-15', '2025-08-25', 'Regreso a Clases'),
(20.00, '2025-09-10', '2025-09-20', 'Aniversario'),
(7.00, '2025-10-31', '2025-10-31', 'Halloween'),
(12.00, '2025-11-01', '2025-11-10', 'Día de los Muertos'),
(30.00, '2025-11-29', '2025-11-30', 'Black Friday'),
(25.00, '2025-12-01', '2025-12-02', 'Cyber Monday'),
(15.00, '2025-12-20', '2025-12-31', 'Navidad'),
(10.00, '2026-01-05', '2026-01-10', 'Reyes Magos'),
(5.00, '2026-02-14', '2026-02-14', 'San Valentín'),
(20.00, '2026-03-15', '2026-03-25', 'Promoción Primavera'),
(10.00, '2026-04-10', '2026-04-20', 'Semana Santa'),
(8.00, '2026-05-15', '2026-05-25', 'Día de la Madre'),
(15.00, '2026-06-20', '2026-06-30', 'Verano');

INSERT INTO MetodoEnvio (nombre, costo, tiempo_estimado) VALUES
('Envío estándar', 5.00, '5-7 días hábiles'),
('Envío exprés', 10.00, '2-3 días hábiles'),
('Envío al día siguiente', 15.00, '1 día hábil'),
('Envío internacional', 25.00, '10-15 días hábiles'),
('Envío gratuito', 0.00, '7-10 días hábiles'),
('Envío prioritario', 12.00, '2 días hábiles'),
('Envío eco', 4.50, '6-8 días hábiles'),
('Envío nocturno', 18.00, '1 noche'),
('Envío sábado', 8.00, 'Sábado siguiente'),
('Envío domingo', 9.50, 'Domingo siguiente'),
('Envío pickup', 0.00, 'Retiro en tienda'),
('Envío urgente', 20.00, 'Mismo día'),
('Envío con seguro', 14.00, '4-6 días hábiles'),
('Envío para empresas', 30.00, '5 días hábiles'),
('Envío internacional exprés', 50.00, '5-7 días hábiles'),
('Envío personalizado', 35.00, 'A convenir'),
('Envío de productos frágiles', 22.00, '3-5 días hábiles'),
('Envío con montaje', 45.00, '7 días hábiles'),
('Envío por drones', 25.00, '4 horas'),
('Envío sin contacto', 5.50, '5-7 días hábiles'),
('Envío refrigerado', 28.00, '3-4 días hábiles'),
('Envío con verificación', 15.50, '4-6 días hábiles'),
('Envío con tracking avanzado', 10.50, '4-6 días hábiles'),
('Envío premium', 40.00, '2-3 días hábiles'),
('Envío especial navidad', 20.00, '3-5 días hábiles'),
('Envío con reembolso', 18.50, '5-7 días hábiles'),
('Envío con embalaje reforzado', 12.50, '6 días hábiles'),
('Envío exclusivo clientes VIP', 50.00, 'Mismo día'),
('Envío estandar plus', 6.50, '4-5 días hábiles');

INSERT INTO SubCategorias (nombre, descripcion, categoria_id, fecha_creacion) VALUES
('Laptops', 'Subcategoría de computadoras portátiles', 1, '2024-03-01'),
('Desktops', 'Subcategoría de computadoras de escritorio', 1, '2024-03-02'),
('Tarjetas Gráficas', 'Subcategoría de tarjetas gráficas para gaming y edición', 2, '2024-03-03'),
('Procesadores', 'Subcategoría de CPUs de alto rendimiento', 2, '2024-03-04'),
('Placas Base', 'Subcategoría de motherboards para distintos sockets', 2, '2024-03-05'),
('Memoria RAM', 'Subcategoría de módulos de memoria RAM DDR4 y DDR5', 2, '2024-03-06'),
('Discos Duros', 'Subcategoría de HDDs y SSDs', 3, '2024-03-07'),
('Fuentes de Poder', 'Subcategoría de fuentes de alimentación para PC', 3, '2024-03-08'),
('Monitores', 'Subcategoría de monitores de alta resolución', 4, '2024-03-09'),
('Teclados', 'Subcategoría de teclados mecánicos y de membrana', 5, '2024-03-10'),
('Ratones', 'Subcategoría de ratones ópticos y láser', 5, '2024-03-11'),
('Auriculares', 'Subcategoría de auriculares gaming y profesionales', 5, '2024-03-12'),
('Impresoras', 'Subcategoría de impresoras láser y de inyección', 6, '2024-03-13'),
('Tablets', 'Subcategoría de tablets para diseño y productividad', 7, '2024-03-14'),
('Smartphones', 'Subcategoría de teléfonos móviles de última generación', 7, '2024-03-15'),
('Cámaras', 'Subcategoría de cámaras digitales y mirrorless', 8, '2024-03-16'),
('Drones', 'Subcategoría de drones con cámara', 8, '2024-03-17'),
('Smartwatches', 'Subcategoría de relojes inteligentes', 9, '2024-03-18'),
('Consolas', 'Subcategoría de consolas de videojuegos', 10, '2024-03-19'),
('Accesorios Gaming', 'Subcategoría de accesorios para gaming como mandos y volantes', 10, '2024-03-20'),
('Software', 'Subcategoría de software de productividad y seguridad', 11, '2024-03-21'),
('Sillas Gaming', 'Subcategoría de sillas ergonómicas para jugadores', 12, '2024-03-22'),
('Micrófonos', 'Subcategoría de micrófonos para streaming y grabación', 13, '2024-03-23'),
('Tarjetas de Sonido', 'Subcategoría de tarjetas de sonido para audio profesional', 13, '2024-03-24'),
('Cables y Adaptadores', 'Subcategoría de cables HDMI, USB y adaptadores', 14, '2024-03-25'),
('Redes y Routers', 'Subcategoría de routers y switches de red', 15, '2024-03-26'),
('Almacenamiento Externo', 'Subcategoría de discos duros externos y pendrives', 3, '2024-03-27'),
('Iluminación RGB', 'Subcategoría de tiras LED y ventiladores RGB', 16, '2024-03-28'),
('Refrigeración Líquida', 'Subcategoría de sistemas de refrigeración líquida para PC', 17, '2024-03-29'),
('Electrodomésticos Inteligentes', 'Subcategoría de electrodomésticos conectados a IoT', 18, '2024-03-30');


INSERT INTO Productos (nombre, descripcion, precio, stock, categoria_id, fecha_creacion) VALUES
('Laptop Gamer X1', 'Laptop de alto rendimiento con tarjeta gráfica dedicada', 1500.00, 25, 1, '2024-03-01'),
('PC de Escritorio Workstation', 'PC para trabajos de edición y diseño', 2000.00, 15, 1, '2024-03-02'),
('Tarjeta Gráfica RTX 4080', 'Tarjeta gráfica para gaming en 4K', 1200.00, 30, 2, '2024-03-03'),
('Procesador Intel i9 13900K', 'Procesador de última generación para alto rendimiento', 600.00, 40, 2, '2024-03-04'),
('Placa Base ASUS ROG', 'Motherboard compatible con Intel de 13va generación', 350.00, 50, 2, '2024-03-05'),
('Memoria RAM 32GB DDR5', 'Memoria RAM de alto rendimiento', 180.00, 60, 2, '2024-03-06'),
('SSD 1TB NVMe', 'Unidad de almacenamiento ultra rápida', 150.00, 70, 3, '2024-03-07'),
('Fuente de Poder 850W', 'Fuente de alimentación certificada 80 Plus Gold', 120.00, 55, 3, '2024-03-08'),
('Monitor 4K 144Hz', 'Monitor con resolución ultra HD y tasa de refresco alta', 500.00, 35, 4, '2024-03-09'),
('Teclado Mecánico RGB', 'Teclado mecánico con interruptores personalizables', 100.00, 80, 5, '2024-03-10'),
('Ratón Gaming 16000 DPI', 'Ratón óptico de alta precisión para gamers', 75.00, 90, 5, '2024-03-11'),
('Auriculares Inalámbricos', 'Auriculares con cancelación de ruido y micrófono', 150.00, 60, 5, '2024-03-12'),
('Impresora Láser HP', 'Impresora de alta velocidad para oficinas', 250.00, 20, 6, '2024-03-13'),
('Tablet Pro 12 pulgadas', 'Tablet con pantalla de alta resolución y lápiz óptico', 800.00, 40, 7, '2024-03-14'),
('Smartphone 5G', 'Teléfono con conectividad 5G y cámara de 108MP', 900.00, 50, 7, '2024-03-15'),
('Cámara Mirrorless Sony', 'Cámara profesional para fotografía y video 4K', 1200.00, 30, 8, '2024-03-16'),
('Drone 4K con GPS', 'Drone con grabación en 4K y seguimiento automático', 600.00, 25, 8, '2024-03-17'),
('Smartwatch Deportivo', 'Reloj inteligente con monitor de frecuencia cardíaca', 250.00, 70, 9, '2024-03-18'),
('Consola NextGen', 'Nueva generación de consolas de videojuegos', 600.00, 50, 10, '2024-03-19'),
('Mando Inalámbrico', 'Controlador inalámbrico con retroalimentación háptica', 70.00, 90, 10, '2024-03-20'),
('Software de Diseño', 'Suite profesional para edición de imágenes y videos', 300.00, 40, 11, '2024-03-21'),
('Silla Gaming Ergonómica', 'Silla ajustable con soporte lumbar y reposabrazos', 250.00, 30, 12, '2024-03-22'),
('Micrófono Profesional', 'Micrófono de condensador para streaming y podcasts', 150.00, 50, 13, '2024-03-23'),
('Tarjeta de Sonido Externa', 'Tarjeta de sonido para mejorar calidad de audio', 100.00, 60, 13, '2024-03-24'),
('Cable HDMI 2.1', 'Cable de alta velocidad compatible con 8K', 25.00, 120, 14, '2024-03-25'),
('Router WiFi 6', 'Router con tecnología de última generación para redes', 200.00, 40, 15, '2024-03-26'),
('Disco Duro Externo 2TB', 'Almacenamiento portátil para respaldo de datos', 100.00, 70, 3, '2024-03-27'),
('Tira LED RGB', 'Iluminación RGB personalizable para setups gaming', 30.00, 100, 16, '2024-03-28'),
('Sistema de Refrigeración Líquida', 'Sistema de enfriamiento para CPU de alto rendimiento', 180.00, 35, 17, '2024-03-29'),
('Refrigerador Inteligente', 'Electrodoméstico con control desde app móvil', 1500.00, 15, 18, '2024-03-30');

INSERT INTO Pedidos (id_usuario, fecha_pedido, estado, total) VALUES
(1, '2024-03-01', 'En proceso', 1500.00),
(2, '2024-03-02', 'Completado', 900.00),
(3, '2024-03-03', 'Pendiente', 1200.00),
(4, '2024-03-04', 'Completado', 2000.00),
(5, '2024-03-05', 'Cancelado', 350.00),
(6, '2024-03-06', 'En proceso', 750.00),
(7, '2024-03-07', 'Pendiente', 180.00),
(8, '2024-03-08', 'Completado', 600.00),
(9, '2024-03-09', 'Completado', 250.00),
(10, '2024-03-10', 'Pendiente', 500.00),
(11, '2024-03-11', 'Completado', 850.00),
(12, '2024-03-12', 'Fallido', 1200.00),
(13, '2024-03-13', 'Completado', 950.00),
(14, '2024-03-14', 'Pendiente', 400.00),
(15, '2024-03-15', 'Completado', 1750.00),
(16, '2024-03-16', 'Pendiente', 1100.00),
(17, '2024-03-17', 'Completado', 670.00),
(18, '2024-03-18', 'Fallido', 1300.00),
(19, '2024-03-19', 'Pendiente', 1900.00),
(20, '2024-03-20', 'Completado', 2200.00),
(21, '2024-03-21', 'Pendiente', 1400.00),
(22, '2024-03-22', 'Completado', 800.00),
(23, '2024-03-23', 'Fallido', 150.00),
(24, '2024-03-24', 'Completado', 500.00),
(25, '2024-03-25', 'Pendiente', 1300.00),
(26, '2024-03-26', 'Completado', 900.00),
(27, '2024-03-27', 'Fallido', 1250.00),
(28, '2024-03-28', 'Completado', 450.00),
(29, '2024-03-29', 'Pendiente', 600.00),
(30, '2024-03-30', 'Completado', 200.00);


INSERT INTO DetallesPedido (id_pedido, id_producto, cantidad, precio_unitario, descuento_aplicado, subtotal) VALUES
(1, 1, 1, 1500.00, 0.00, 1500.00),
(2, 2, 1, 1000.00, 100.00, 900.00),
(3, 3, 1, 1200.00, 0.00, 1200.00),
(4, 4, 2, 1000.00, 0.00, 2000.00),
(5, 5, 1, 350.00, 0.00, 350.00),
(6, 6, 5, 180.00, 150.00, 750.00),
(7, 7, 1, 180.00, 0.00, 180.00),
(8, 8, 2, 300.00, 0.00, 600.00),
(9, 9, 1, 250.00, 0.00, 250.00),
(10, 10, 1, 500.00, 0.00, 500.00),
(11, 11, 3, 280.00, 50.00, 850.00),
(12, 12, 1, 1200.00, 0.00, 1200.00),
(13, 13, 1, 950.00, 0.00, 950.00),
(14, 14, 2, 200.00, 0.00, 400.00),
(15, 15, 1, 1750.00, 0.00, 1750.00),
(16, 16, 1, 1100.00, 0.00, 1100.00),
(17, 17, 2, 350.00, 30.00, 670.00),
(18, 18, 1, 1300.00, 0.00, 1300.00),
(19, 19, 3, 650.00, 50.00, 1900.00),
(20, 20, 2, 1100.00, 0.00, 2200.00),
(21, 21, 1, 1400.00, 0.00, 1400.00),
(22, 22, 1, 800.00, 0.00, 800.00),
(23, 23, 1, 150.00, 0.00, 150.00),
(24, 24, 2, 250.00, 0.00, 500.00),
(25, 25, 1, 1300.00, 0.00, 1300.00),
(26, 26, 1, 900.00, 0.00, 900.00),
(27, 27, 2, 650.00, 50.00, 1250.00),
(28, 28, 1, 450.00, 0.00, 450.00),
(29, 29, 2, 300.00, 0.00, 600.00),
(30, 30, 1, 200.00, 0.00, 200.00);

INSERT INTO Pagos (id_pedido, id_medio_pago, cantidad, fecha_pago, estado_pago) VALUES
(1, 1, 1500.00, '2024-03-01', 'Completado'),
(2, 2, 900.00, '2024-03-02', 'Completado'),
(3, 3, 1200.00, '2024-03-03', 'Pendiente'),
(4, 1, 2000.00, '2024-03-04', 'Completado'),
(5, 2, 350.00, '2024-03-05', 'Fallido'),
(6, 3, 750.00, '2024-03-06', 'Completado'),
(7, 1, 180.00, '2024-03-07', 'Pendiente'),
(8, 2, 600.00, '2024-03-08', 'Completado'),
(9, 3, 250.00, '2024-03-09', 'Completado'),
(10, 1, 500.00, '2024-03-10', 'Pendiente'),
(11, 2, 850.00, '2024-03-11', 'Completado'),
(12, 3, 1200.00, '2024-03-12', 'Fallido'),
(13, 1, 950.00, '2024-03-13', 'Completado'),
(14, 2, 400.00, '2024-03-14', 'Pendiente'),
(15, 3, 1750.00, '2024-03-15', 'Completado'),
(16, 1, 1100.00, '2024-03-16', 'Pendiente'),
(17, 2, 670.00, '2024-03-17', 'Completado'),
(18, 3, 1300.00, '2024-03-18', 'Fallido'),
(19, 1, 1900.00, '2024-03-19', 'Pendiente'),
(20, 2, 2200.00, '2024-03-20', 'Completado'),
(21, 3, 1400.00, '2024-03-21', 'Pendiente'),
(22, 1, 800.00, '2024-03-22', 'Completado'),
(23, 2, 150.00, '2024-03-23', 'Fallido'),
(24, 3, 500.00, '2024-03-24', 'Completado'),
(25, 1, 1300.00, '2024-03-25', 'Pendiente'),
(26, 2, 900.00, '2024-03-26', 'Completado'),
(27, 3, 1250.00, '2024-03-27', 'Fallido'),
(28, 1, 450.00, '2024-03-28', 'Completado'),
(29, 2, 600.00, '2024-03-29', 'Pendiente'),
(30, 3, 200.00, '2024-03-30', 'Completado');


INSERT INTO Inventario (id_producto, cantidad_disponible, fecha_actualizacion) VALUES
(1, 50, '2024-03-01'),
(2, 30, '2024-03-02'),
(3, 25, '2024-03-03'),
(4, 40, '2024-03-04'),
(5, 20, '2024-03-05'),
(6, 15, '2024-03-06'),
(7, 35, '2024-03-07'),
(8, 45, '2024-03-08'),
(9, 28, '2024-03-09'),
(10, 50, '2024-03-10'),
(11, 22, '2024-03-11'),
(12, 18, '2024-03-12'),
(13, 40, '2024-03-13'),
(14, 12, '2024-03-14'),
(15, 55, '2024-03-15'),
(16, 20, '2024-03-16'),
(17, 30, '2024-03-17'),
(18, 48, '2024-03-18'),
(19, 27, '2024-03-19'),
(20, 35, '2024-03-20'),
(21, 42, '2024-03-21'),
(22, 50, '2024-03-22'),
(23, 60, '2024-03-23'),
(24, 18, '2024-03-24'),
(25, 28, '2024-03-25'),
(26, 32, '2024-03-26'),
(27, 38, '2024-03-27'),
(28, 45, '2024-03-28'),
(29, 50, '2024-03-29'),
(30, 55, '2024-03-30');

INSERT INTO HistorialPrecios (id_producto, precio_antiguo, precio_nuevo, fecha_cambio, motivo_cambio) VALUES
(1, 1500.00, 1400.00, '2024-03-01', 'Descuento promocional'),
(2, 900.00, 950.00, '2024-03-02', 'Ajuste por inflación'),
(3, 1200.00, 1100.00, '2024-03-03', 'Oferta especial'),
(4, 2000.00, 1950.00, '2024-03-04', 'Competencia redujo precios'),
(5, 350.00, 360.00, '2024-03-05', 'Ajuste por costos'),
(6, 750.00, 700.00, '2024-03-06', 'Descuento estacional'),
(7, 180.00, 190.00, '2024-03-07', 'Aumento por demanda'),
(8, 600.00, 620.00, '2024-03-08', 'Nueva estrategia de ventas'),
(9, 250.00, 230.00, '2024-03-09', 'Oferta por liquidación'),
(10, 500.00, 480.00, '2024-03-10', 'Descuento por fidelización'),
(11, 850.00, 870.00, '2024-03-11', 'Subida de costos de producción'),
(12, 1200.00, 1150.00, '2024-03-12', 'Rebaja temporal'),
(13, 950.00, 1000.00, '2024-03-13', 'Aumento de materia prima'),
(14, 400.00, 390.00, '2024-03-14', 'Descuento en stock antiguo'),
(15, 1750.00, 1700.00, '2024-03-15', 'Promoción de temporada'),
(16, 1100.00, 1050.00, '2024-03-16', 'Reducción de costos operativos'),
(17, 670.00, 690.00, '2024-03-17', 'Ajuste por demanda'),
(18, 1300.00, 1250.00, '2024-03-18', 'Rebaja por inventario'),
(19, 1900.00, 1950.00, '2024-03-19', 'Incremento de costos de importación'),
(20, 2200.00, 2100.00, '2024-03-20', 'Oferta de lanzamiento'),
(21, 1400.00, 1350.00, '2024-03-21', 'Reajuste de márgenes'),
(22, 800.00, 780.00, '2024-03-22', 'Liquidación de stock'),
(23, 150.00, 160.00, '2024-03-23', 'Aumento por alta demanda'),
(24, 500.00, 520.00, '2024-03-24', 'Ajuste por costos de logística'),
(25, 1300.00, 1280.00, '2024-03-25', 'Promoción exclusiva'),
(26, 900.00, 920.00, '2024-03-26', 'Reajuste de margen de ganancia'),
(27, 1250.00, 1230.00, '2024-03-27', 'Descuento de fidelización'),
(28, 450.00, 470.00, '2024-03-28', 'Aumento de costos de fabricación'),
(29, 600.00, 590.00, '2024-03-29', 'Liquidación de inventario'),
(30, 200.00, 210.00, '2024-03-30', 'Aumento por escasez de materiales');

INSERT INTO Factura (id_pedido, numero_factura, fecha_emision, fecha_vencimiento, monto_total, impuesto, descuento, total_facturado, estado_factura) VALUES
(1, 'F-0001', '2024-03-01', '2024-03-10', 1500.00, 270.00, 50.00, 1720.00, 'Pagada'),
(2, 'F-0002', '2024-03-02', '2024-03-12', 900.00, 162.00, 30.00, 1032.00, 'Pendiente'),
(3, 'F-0003', '2024-03-03', '2024-03-13', 1200.00, 216.00, 40.00, 1376.00, 'Pagada'),
(4, 'F-0004', '2024-03-04', '2024-03-14', 2000.00, 360.00, 60.00, 2300.00, 'Pendiente'),
(5, 'F-0005', '2024-03-05', '2024-03-15', 350.00, 63.00, 10.00, 403.00, 'Pagada'),
(6, 'F-0006', '2024-03-06', '2024-03-16', 750.00, 135.00, 25.00, 860.00, 'Pagada'),
(7, 'F-0007', '2024-03-07', '2024-03-17', 180.00, 32.40, 5.00, 207.40, 'Pendiente'),
(8, 'F-0008', '2024-03-08', '2024-03-18', 600.00, 108.00, 20.00, 688.00, 'Pagada'),
(9, 'F-0009', '2024-03-09', '2024-03-19', 250.00, 45.00, 10.00, 285.00, 'Anulada'),
(10, 'F-0010', '2024-03-10', '2024-03-20', 500.00, 90.00, 15.00, 575.00, 'Pagada'),
(11, 'F-0011', '2024-03-11', '2024-03-21', 850.00, 153.00, 30.00, 973.00, 'Pendiente'),
(12, 'F-0012', '2024-03-12', '2024-03-22', 1200.00, 216.00, 40.00, 1376.00, 'Pagada'),
(13, 'F-0013', '2024-03-13', '2024-03-23', 950.00, 171.00, 35.00, 1086.00, 'Pendiente'),
(14, 'F-0014', '2024-03-14', '2024-03-24', 400.00, 72.00, 15.00, 457.00, 'Pagada'),
(15, 'F-0015', '2024-03-15', '2024-03-25', 1750.00, 315.00, 70.00, 1995.00, 'Pagada'),
(16, 'F-0016', '2024-03-16', '2024-03-26', 1100.00, 198.00, 45.00, 1253.00, 'Pendiente'),
(17, 'F-0017', '2024-03-17', '2024-03-27', 670.00, 120.60, 25.00, 765.60, 'Anulada'),
(18, 'F-0018', '2024-03-18', '2024-03-28', 1300.00, 234.00, 50.00, 1484.00, 'Pagada'),
(19, 'F-0019', '2024-03-19', '2024-03-29', 1900.00, 342.00, 80.00, 2162.00, 'Pendiente'),
(20, 'F-0020', '2024-03-20', '2024-03-30', 2200.00, 396.00, 90.00, 2506.00, 'Pagada'),
(21, 'F-0021', '2024-03-21', '2024-03-31', 1400.00, 252.00, 55.00, 1597.00, 'Pagada'),
(22, 'F-0022', '2024-03-22', '2024-04-01', 800.00, 144.00, 30.00, 914.00, 'Pendiente'),
(23, 'F-0023', '2024-03-23', '2024-04-02', 150.00, 27.00, 5.00, 172.00, 'Anulada'),
(24, 'F-0024', '2024-03-24', '2024-04-03', 500.00, 90.00, 15.00, 575.00, 'Pagada'),
(25, 'F-0025', '2024-03-25', '2024-04-04', 1300.00, 234.00, 50.00, 1484.00, 'Pendiente'),
(26, 'F-0026', '2024-03-26', '2024-04-05', 900.00, 162.00, 30.00, 1032.00, 'Pagada'),
(27, 'F-0027', '2024-03-27', '2024-04-06', 1250.00, 225.00, 50.00, 1425.00, 'Pendiente'),
(28, 'F-0028', '2024-03-28', '2024-04-07', 450.00, 81.00, 15.00, 516.00, 'Pagada'),
(29, 'F-0029', '2024-03-29', '2024-04-08', 600.00, 108.00, 20.00, 688.00, 'Pendiente'),
(30, 'F-0030', '2024-03-30', '2024-04-09', 200.00, 36.00, 5.00, 231.00, 'Pendiente');




